{"cameraMode":{"drawMode":0,"name":"Shaded","section":"Shading Mode"},"sceneLighting":true,"audioPlay":false,"sceneViewState":{"m_AlwaysRefresh":false,"showFog":true,"showSkybox":true,"showFlares":true,"showImageEffects":true,"showParticleSystems":true,"showVisualEffectGraphs":true,"m_FxEnabled":true},"in2DMode":false,"pivot":{"x":0.5216373205184937,"y":-0.3412923812866211,"z":0.0505136139690876},"rotation":{"x":0.10548906773328781,"y":-0.6726069450378418,"z":0.09774263948202133,"w":0.7259052991867065},"size":5.077750205993652,"orthographic":false}